X,Y
49.1547405015568,-12.1371673207
49.1542179032698,-12.1366656603733
49.1928788488484,-12.2302772614412
49.1544254113654,-12.1365340634696
49.4250589817309,-12.456677071745
49.1545736743776,-12.1370261879471
49.3368689191324,-12.3210779639985
49.4291351275775,-12.4456584307552
49.4294958488757,-12.4447863185233
49.2734770306673,-11.9670656000601
49.4302232746401,-12.4451847627285
49.4299369396087,-12.4452872256892
49.2715529257599,-11.9658392855739
49.4293837262409,-12.4451712811634
49.4290907626553,-12.4445623318038
49.4258767873807,-12.4565374622344
49.4302857871024,-12.4449771232993
49.4275935766301,-12.4453560892816
49.4297427864526,-12.4455004930854
49.4288902144727,-12.4459097176588
49.4298445830255,-12.4459576063909
49.4272500119521,-12.4459185256967
49.4286861449252,-12.4488017162656
49.4284169109478,-12.4487910631676
49.4286553574663,-12.4451202186545
49.4312415904087,-12.4457884610227
49.3364219513252,-12.3212159555287
49.4256571355719,-12.4565834634753
49.4228908739833,-12.4419305389225
49.4232244567053,-12.4418400819432
49.3467215078359,-12.3174847341061
49.342383154729,-12.3144828238893
49.3440723350025,-12.3145157143066
49.3365255348306,-12.3146678246906
49.2965425400872,-12.0295063265891
49.286023700183,-12.0027226725369
49.2858382112282,-12.0019332346595
49.2858965706591,-12.0015512917798
49.286521342399,-12.0028914129832
49.2883256962304,-12.0026502250635
49.2886082727584,-12.0022954499119
49.2900435527858,-12.0006900622839
49.2894373762409,-12.0009932339799
49.2778140765508,-11.9709857629344
49.2789453914151,-11.972142349535
49.2793115046641,-11.972367876763
49.2806601308245,-11.9719376567852
49.2801545118588,-11.9713530794346
49.2845145635135,-11.9702500975164
49.2849714219729,-11.9703089877784
49.2823697833372,-11.9691067000873
49.2834322254451,-11.9701276743552
49.289553877615,-11.9772429224472
49.2902820094066,-11.9780511906795
49.2944629316661,-11.9933800284494
49.2896999992553,-11.9933735249352
49.2959398620388,-11.9883723891026
49.2972979693471,-11.9896980051761
49.2979752577217,-11.9901754435768
49.2981523840644,-11.990344510737
49.2988515077554,-11.9916550789047
49.3003771066115,-11.9930090723397
49.2997430790981,-11.9881657229589
49.2996609111984,-11.9878259243984
49.2999720483857,-11.9895276467239
49.2999752655913,-11.9887576909639
49.2974434492627,-11.9964058754784
49.2964315505709,-11.9961374760813
49.2966623902633,-11.9956951868886
49.29072469877,-11.9954859603435
49.2981025788719,-11.9913433029904
49.2975206743051,-11.9906072592588
49.2986930634884,-11.9913844008624
49.2984005072124,-11.9899391017862
49.2989590902156,-11.9924281364421
49.2992704436645,-11.9936386828286
49.2997067250749,-11.9943831809468
49.2987302307309,-11.9936771551003
49.2999065245248,-11.9944365109234
49.299770094968,-11.9913836608009
49.3001441202821,-11.9913911113459
49.301471268023,-11.9901737605412
49.3005542667728,-11.9899234902093
49.3006154861984,-11.9910913470507
49.3001175459016,-11.9910054339383
49.297803421847,-11.9903679970702
49.2980667450744,-11.9908932861014
49.2982635115855,-11.9922194409824
49.3001121850912,-11.9889453063839
49.2997222343184,-11.989302171968
49.2995529920542,-11.9885339895301
49.2974562830182,-11.9848922275839
49.2978834650246,-11.9854523376575
49.2904037567991,-11.9761137634478
49.2932971275982,-11.9990985252905
49.295249502828,-11.9998910719436
49.2942811944219,-11.9971666952036
49.3039739931836,-12.0080618275568
49.3011495589908,-12.0053066313463
49.3006647798413,-12.0048011578637
49.3020439290141,-12.0056710474955
49.301389520004,-12.0051662168086
49.3054208593407,-12.011935906514
49.3057312414553,-12.0118687175506
49.3055849621362,-12.0124637440925
49.3041799802254,-12.0108948174231
49.3052141669515,-12.0113220870184
49.3040932613064,-12.0125879467368
49.3046089897683,-12.0106332781709
49.3051968215045,-12.0120497285926
49.3053414968906,-12.0116114044368
49.3053434564849,-12.011823636264
49.3044812164975,-12.0101277887705
49.3035413535924,-12.0101179862788
49.3013813298223,-12.0048839803103
49.301086039898,-12.0045979733123
49.3015159784822,-12.0060951815758
49.3018070910775,-12.0059613636057
49.3011859262022,-12.0063232334681
49.3013878817858,-12.0058435253976
49.3010554522245,-12.0065663198548
49.3017363620221,-12.0070340631092
49.3054979715796,-12.0147156146793
49.3051849196999,-12.0148906067397
49.304399210895,-12.0142447099006
49.304218245624,-12.0144224209316
49.3035362014632,-12.0135469086435
49.3010776265976,-12.0150032887136
49.3013212181656,-12.0154169563982
49.307897528308,-12.0168544771707
49.3082006117856,-12.0170947161991
49.3006760180077,-12.0042229864735
49.3047951426186,-12.0314606256931
49.3192175410294,-12.0435318530246
49.3176169168426,-12.0430671862491
49.3182511852071,-12.0443328092244
49.31853750151,-12.0448823581815
49.317413370509,-12.0435886720666
49.3184743038058,-12.0429425091288
49.3170537813737,-12.0432235992636
49.317997753735,-12.043656483536
49.3179608130792,-12.0493427570571
49.3187241157697,-12.0502677152075
49.3180934444186,-12.0497524551412
49.3184724886322,-12.0498123017032
49.3182008778873,-12.0499164003246
49.3179165313595,-12.0499679297846
49.3170466543055,-12.0484029897855
49.3178471008197,-12.0490145167762
49.3174281008972,-12.0491809706813
49.3108079875546,-12.048834939379
49.3116654260212,-12.0492200061209
49.313429646448,-12.0599942518796
49.3296080454305,-12.1067180138423
49.3297962209646,-12.1072388286335
49.328632533079,-12.106187229687
49.329310455076,-12.1064470480378
49.3299304487176,-12.1059056520139
49.3329924936191,-12.1080404111856
49.3227049148077,-12.1048505857373
49.320894724717,-12.1046366222302
49.3374282984918,-12.1105355329258
49.3403531140833,-12.1113379660001
49.3395533621049,-12.1073050554822
49.3407631406712,-12.1075114680662
49.3411006511597,-12.107240400812
49.3397191212003,-12.1075600969255
49.3408488059574,-12.1071557528932
49.3402554227061,-12.1078121379981
49.3405301920245,-12.1116003190961
49.3403400181514,-12.1109134618055
49.3396952160356,-12.1057552338086
49.3399411436702,-12.1073580850167
49.3406976648739,-12.1076382680693
49.3406063035499,-12.1071397276308
49.3403052037509,-12.1066684356957
49.340363782327,-12.1062218114719
49.3396836298801,-12.1069259357153
49.3465775415258,-12.1019440278357
49.3456037416231,-12.1021143586779
49.3442372054306,-12.1007503854797
49.3447368532267,-12.1004659747246
49.3440771246691,-12.101937118485
49.3430906347432,-12.1013952276158
49.3431028437319,-12.1015227178904
49.343925106838,-12.1002557791047
49.346050071957,-12.100180449112
49.3456504311177,-12.0999401453413
49.3444165466476,-12.100225433973
49.3444734566836,-12.0977312813062
49.3493734047461,-12.1027663705678
49.3482142332655,-12.1038919513259
49.3487321186831,-12.1038751594638
49.3490737366823,-12.1040952069163
49.3524784782011,-12.102685876821
49.3505897842926,-12.101370562182
49.3505332200637,-12.1010829533285
49.3514151274455,-12.1006667132025
49.3514873677346,-12.1013386263618
49.3501792625455,-12.1009898059034
49.349564422969,-12.0993974784269
49.3376262522365,-12.0963129192541
49.3357772014831,-12.0970684126301
49.3368767098868,-12.0963774560359
49.3360598659493,-12.0963181582477
49.3390989132033,-12.0952383757372
49.3302653092498,-12.1031940498889
49.3379675279431,-12.0826500526695
49.3381919775755,-12.0824759161481
49.3341137208428,-12.081873327957
49.3308209782571,-12.0774188962365
49.3421363333177,-12.1134965024486
49.3436216072361,-12.1126292881586
49.3437255464686,-12.1141556513361
49.3441223149479,-12.1141070737195
49.3442280718295,-12.1146157701772
49.343608537387,-12.1143369534169
49.3440100737903,-12.1146478091766
49.3442339692656,-12.1150629008014
49.3373620833428,-12.1206473012156
49.3370918952236,-12.121036030491
49.3358687957779,-12.1225392338645
49.3389417402426,-12.1242273516656
49.3389402896302,-12.1244896667586
49.3392504922003,-12.1250310058045
49.3384536560532,-12.1237715390424
49.3393588485218,-12.1246767365967
49.3406165579406,-12.1260610531527
49.3412782330483,-12.1266158438372
49.3411946813103,-12.1271617136139
49.3410631593514,-12.1268933342954
49.3411238222582,-12.1277799648237
49.3407771140225,-12.1264808873602
49.3405945175206,-12.1274140467734
49.3399291923476,-12.1252874361889
49.3390146345765,-12.1252927860941
49.3398754641098,-12.1256774119706
49.340517520996,-12.128277241296
49.3394930129592,-12.1259221381916
49.3400735934768,-12.126096224371
49.3617247825204,-12.1987689146975
49.3615646892963,-12.199108168261
49.3361136590744,-12.1355213383402
49.3356123579985,-12.1352308904093
49.3631813991395,-12.1996548408014
49.3414120688886,-12.1484827180709
49.362295870654,-12.1995874753445
49.3350235784504,-12.127114273289
49.3377608230423,-12.137035157691
49.3415468115412,-12.1481077309862
49.4244601230022,-12.4470955921552
49.4244740028352,-12.4474693164662
49.4248798524629,-12.4469690633107
49.4030124176438,-12.4273605696045
49.401222428564,-12.4267358838845
49.3362948878237,-12.1343219860863
49.4006212501524,-12.4279844355305
49.4235647703081,-12.4414783776361
49.3620721843507,-12.198632799751
49.4017383251972,-12.427107940425
49.4021112610025,-12.4266897455224
49.4024421991006,-12.4269222299433
49.4021609299996,-12.42737772426
49.4040389802312,-12.4257801620711
49.4040315975315,-12.4258748817121
49.4038241145934,-12.425242400054
49.4031729803535,-12.4277863866734
49.4040345363606,-12.419309221658
49.4045368398595,-12.4150476463216
49.4039210041461,-12.4149140538427
49.4064886916835,-12.4069567228893
49.4061884092251,-12.4043087611803
49.4095986977343,-12.4179947865382
49.4092556509031,-12.4189546566717
49.4102151242475,-12.4181269769735
49.4098347310353,-12.4183881568568
49.4061238849959,-12.4197522756054
49.4095096476556,-12.4160556991834
49.4146541827546,-12.4110695917931
49.4149091667874,-12.4109521130707
49.4046779937062,-12.4266417795335
49.4049144056846,-12.4264804644197
49.4049599643879,-12.4265327346395
49.4495600684531,-12.482410492977
49.4046951918655,-12.4267979121965
49.4505121269685,-12.4816324607347
49.4528964755655,-12.4809493153175
49.4491403495555,-12.4823690127242
49.4434937205498,-12.4761167572606
49.1768605149242,-12.2650680110167
49.1769518695646,-12.2645849763705
49.1770489321806,-12.2644186290801
49.1768871469582,-12.2647504290181
49.175792768383,-12.2642476875975
49.1759392624431,-12.264206327265
49.1758816354275,-12.264151663166
49.1757690881252,-12.2641193911025
49.1760889163546,-12.2641425589075
49.1762734503893,-12.2640279016035
49.175928085884,-12.2640655429431
49.173859582195,-12.2645562115791
49.174403833973,-12.2645511370786
49.1746346014406,-12.2648527595371
49.1740575216022,-12.2649957009199
49.1752145213109,-12.2655049806758
49.1753326445802,-12.2655148565988
49.1752854205339,-12.2656621118121
49.1757679885313,-12.2663830362373
49.1752870930728,-12.2660055021615
49.175364474801,-12.266163680334
49.1751091442083,-12.2655991943035
49.1752958702597,-12.2669307209961
49.1753306173278,-12.267079664039
49.1755808617383,-12.2671886784262
49.1741729718529,-12.2681969290729
49.1776499786565,-12.2642935537306
49.1769306788455,-12.2685824138449
49.1709352322307,-12.2684997141798
49.1707737283761,-12.2684542247139
49.1701922755195,-12.2683225119962
49.1708083576336,-12.2665704829345
49.1708167463148,-12.2668106323733
49.1707185601111,-12.267120563747
49.1706438558253,-12.2672600259922
49.1705936825088,-12.2673631440073
49.170548524831,-12.2673356927589
49.1713594212517,-12.2654741162174
49.1712884657786,-12.2654511886292
49.171141242166,-12.265601372153
49.1710374670681,-12.2656971927541
49.1728163027903,-12.266385623643
49.1728897765927,-12.2662932453515
49.1675381690567,-12.2658299454632
49.1714571261416,-12.2759929375948
49.1714937829264,-12.2761674504263
49.1716478385172,-12.2764487739221
49.1723774670242,-12.2770305178697
49.172431226867,-12.2767492970089
49.169588184054,-12.2756314082595
49.1698397661449,-12.2754519597241
49.1702207846562,-12.2761067720236
49.1701571353097,-12.275499222806
49.1701849276701,-12.2762921845022
49.1700849796968,-12.2763805884395
49.1701524368286,-12.2764413980405
49.1699770181645,-12.2767882342942
49.1695199683648,-12.2768794007551
49.169281543919,-12.2765792347663
49.1699687154054,-12.2772290342641
49.1713090518111,-12.2741057794141
49.1722228356207,-12.2748149220898
49.1717300054204,-12.2744365275815
49.1715861066798,-12.2744337526559
49.172338134771,-12.2745718759244
49.1722033107145,-12.2753393459893
49.1727416031549,-12.2747969836569
49.1728100299336,-12.2748405096315
49.1736535344499,-12.2750708072182
49.1735526598702,-12.2736317084329
49.1725442693371,-12.2741828197006
49.1734046955711,-12.2738269945603
49.1722449986688,-12.2726050077865
49.1725277481566,-12.272668707903
49.1732712680378,-12.273222311947
49.168317783747,-12.2730059844396
49.1662506880228,-12.2741583160885
49.166976891665,-12.2748618978043
49.1665621515741,-12.274846373895
49.1670944502646,-12.2746170107538
49.1675439938235,-12.274283774747
49.1659963088744,-12.2752526505447
49.1659321491633,-12.2753413023941
49.1663138594507,-12.2751855944825
49.1662807970163,-12.2749784807098
49.1667195413929,-12.2754783743871
49.1671147178581,-12.2759111047275
49.1673555429304,-12.275455506654
49.1683396980371,-12.2755380448769
49.1675114034855,-12.2762545339686
49.1660697622718,-12.2766813566072
49.1660632250408,-12.2765063315233
49.165610913957,-12.2755288695773
49.1661382542109,-12.2757854784236
49.1646217261034,-12.2748287423624
49.1647572201373,-12.2747696281286
49.1645028860974,-12.2747927828202
49.1646675621208,-12.274630289683
49.1643196859164,-12.2746409882655
49.163824441068,-12.2749014617821
49.1637470214165,-12.2747013432391
49.163772301586,-12.2750877526087
49.163971763619,-12.2754177342192
49.1638724913468,-12.2754418289959
49.1642627180615,-12.2757729826471
49.1656485329507,-12.2727803183133
49.1655589240608,-12.2725935623111
49.1702190151706,-12.2722921159257
49.1654217644548,-12.2626386647332
49.1657665848081,-12.2628343820192
49.1655635375435,-12.2629366041971
49.166536472338,-12.2632801977912
49.1658206790847,-12.2629031935221
49.1656683919571,-12.2628608132638
49.165461665371,-12.2629697569579
49.1660735041374,-12.2625287230656
49.1652615138616,-12.2630854106728
49.1650513242186,-12.2630602421901
49.1657319279432,-12.2622347382089
49.1575056287377,-12.2716219073194
49.1567220139623,-12.2716751544395
49.157097154841,-12.2715785966406
49.1690474777313,-12.2422100173461
49.1688869745187,-12.242190945424
49.1691263436804,-12.2427063099859
49.1686958976325,-12.2428350375282
49.1855898158779,-12.2246934810526
49.166131486556,-12.2130664346164
49.1673094312534,-12.2144765554079
49.168945420928,-12.215402838285
49.1689195613921,-12.2147906291944
49.1685339297346,-12.2156877526264
49.1666261489521,-12.2145816099395
49.2102160402913,-12.2110071782596
49.2096137220255,-12.2110072372062
49.2100185595996,-12.2108963016243
49.2102053181,-12.210745298009
49.2035910659523,-12.2106889052303
49.2033192744256,-12.2107362065862
49.2035590268606,-12.2108786597272
49.2072884201775,-12.2102600104459
49.205200462974,-12.2089597162098
49.1661722307347,-12.2158030764397
49.2055155304848,-12.2089763972131
49.190422489392,-12.2276806766969
49.1849148189651,-12.2243767613464
49.1905268846815,-12.2277507329642
49.1919992261663,-12.2238041469647
49.1922133341559,-12.2234546389807
49.1919943142473,-12.223606321919
49.191622442796,-12.2240357193345
49.1910624888222,-12.2244445285832
49.1907911513895,-12.2245721997145
49.1905244897109,-12.2244771939294
49.1915154760016,-12.2244441966661
49.1909396521,-12.2246877921204
49.1910361399807,-12.2251613339494
49.1902969294138,-12.2258026917496
49.1910153318922,-12.2254535488586
49.1908068062606,-12.225247593805
49.1909564222396,-12.2255738901727
49.1929194774852,-12.2255301322206
49.1901912234358,-12.227214796537
49.1903604256156,-12.228688917367
49.1901659578881,-12.2254565363191
49.1900917983552,-12.2261671377325
49.1903302034191,-12.22498278429
49.1921747366453,-12.2239907601407
49.1933039075264,-12.222049903136
49.2018644883884,-12.2103120888804
49.2020711217339,-12.2104659159017
49.201974002134,-12.2104039079193
49.2024457734969,-12.2103404054047
49.2026937718236,-12.2101914785142
49.2034684800575,-12.2099669328721
49.1759404775134,-12.217673729853
49.173457632174,-12.2178620746823
49.2098125574747,-12.1729179787398
49.2102978967603,-12.1728882998119
49.2100278429197,-12.172816657555
49.2123672771929,-12.1722753122572
49.2118835354701,-12.1720270209074
49.2027610296631,-12.1654437865601
49.2026419436813,-12.16503148907
49.2022696779744,-12.165346115881
49.2028241477004,-12.1652728725333
49.2033171953809,-12.1656704639459
49.2034156938343,-12.1653941011308
49.2036705330639,-12.165049459632
49.201987560284,-12.1658141997758
49.2011777582208,-12.1655025555081
49.2022483766769,-12.1648589163233
49.1850235383916,-12.12231560497
49.1836305881354,-12.1209874102723
49.1837631482595,-12.1219678921734
49.1650981713122,-12.1078549378614
49.16507714687,-12.1031546709889
49.1649033981369,-12.1033763730372
49.1655832814242,-12.1038725644954
49.165382389077,-12.1034905380195
49.1651213196336,-12.1033070164118
49.165577741445,-12.1040917929898
49.1642565754667,-12.1027261678537
49.1626115190231,-12.1030205197163
49.2058749074119,-12.0687054672311
49.2061193210705,-12.0678976631708
49.2070052332848,-12.0685989229984
49.2052097705039,-12.0686269953078
49.2055980540948,-12.0689228818857
49.2049073293034,-12.0679336780632
49.205029004141,-12.0677213307346
49.2052270361115,-12.0677621929363
49.2056745202009,-12.0679066971523
49.2053890384023,-12.0675604919943
49.2055679285279,-12.0679632123063
49.2053107862575,-12.0685473084443
49.2066946376705,-12.0676833247298
49.2071230661484,-12.0682041712304
49.2065933060262,-12.0680431973892
49.2074092277606,-12.0681789509283
49.2067926606942,-12.068609381978
49.206757437899,-12.0678757128193
49.2069502714119,-12.0677142869521
49.2077329241523,-12.0681680325778
49.2073176219344,-12.0683303066208
49.2063960895433,-12.0684761362115
49.2054788635389,-12.0685011421822
49.2069095152909,-12.0681302929236
49.2067428070658,-12.0681158931673
49.2069965710135,-12.0673742687297
49.206576584555,-12.0674102047301
49.2060062830653,-12.0680850452191
49.2054376380663,-12.0666427039959
49.2064820193911,-12.0680873484786
49.2065762911835,-12.0676225485063
49.205718449108,-12.0677174747788
49.2054847013768,-12.0677390714651
49.2053134626855,-12.0690615073584
49.2058084113239,-12.0680754170888
49.2081540225468,-12.068615050638
49.2079723071834,-12.0689928859875
49.2081143816866,-12.0679630395709
49.2084471334602,-12.0680845664955
49.210388715959,-12.0674152784802
49.2119131339936,-12.0669618353559
49.1777858006239,-12.2851957630348
49.1868120283495,-12.2776754932592
49.1867520086608,-12.2776426286541
49.1872546706974,-12.277986247109
49.1874759406812,-12.2781840737299
49.1874008530566,-12.2782025613295
49.1859153532299,-12.2763184571944
49.1855636994695,-12.2759903076785
49.2123647414738,-12.2409995997024
49.2122879210645,-12.2408795451369
49.212166819196,-12.2407732340018
49.2122153393676,-12.2408481471882
49.2139797080812,-12.2237313674913
49.2140642525676,-12.2235960472251
49.2834827471329,-12.0618812971981
49.2855803179571,-12.0018410234938
49.2853978857104,-12.0013437648969
49.2838188964701,-12.0005600125729
49.2838054419198,-12.0006944351981
49.2838709706355,-12.0008184910941
49.2841498852588,-12.0011440705199
49.2839634506792,-12.00068106529
49.2846032503709,-12.0012866786696
49.2846955248182,-12.0010962284333
49.2742204770995,-11.9623541200047
49.2743428058696,-11.9622924428448
49.2760175526762,-11.9647441449625
49.2760403641298,-11.9652639679955
49.27588416709,-11.9654682585063
49.2759544518347,-11.9655508908164
49.2764952390687,-11.9652720278976
49.2768212616009,-11.9652048667163
49.2767825387428,-11.9654750127575
49.2762298750804,-11.9652140059596
49.1719641214594,-12.2676118814165
49.1718255096934,-12.2681984644643
49.172009402558,-12.2682068976362
49.1800453421145,-12.2587521289314
49.1802509925215,-12.258665016582
49.1797496199155,-12.2588484909602
49.1798654915264,-12.2588189314266
49.1798873401695,-12.2589941626617
49.1794569337256,-12.258956453529
49.1796082305342,-12.2593396704854
49.1800094128663,-12.2597741297492
49.179927325975,-12.2596218307075
49.1801107737984,-12.2593641355364
49.1802677205245,-12.2593666209337
49.1806251012469,-12.2593846767735
49.1809070146022,-12.2594558131344
49.1806528332502,-12.2585140689399
49.1805501182108,-12.2595293543715
49.1804800282056,-12.2549346202639
49.1852428895433,-12.2524538457277
49.1808133582567,-12.2519032584377
49.203135684814,-12.259519977386
49.2034538984752,-12.2594926185152
49.2028745983907,-12.2599060575299
49.2029930783548,-12.2598592601544
49.2029960584198,-12.2599674861255
49.2032734490775,-12.2593889886036
49.2137349058371,-12.2028928044639
49.21499541676,-12.2027503491434
49.2139793104969,-12.2027149492822
49.2147728267468,-12.2027283625924
49.214797680002,-12.2028551750127
49.2149209179264,-12.2029651799706
49.2150534982348,-12.2031536432793
49.2132998810636,-12.2038501335303
49.213065130398,-12.2022858780928
49.2135919308655,-12.2024284630802
49.2137672322233,-12.2036034661204
49.2134967203404,-12.2035845289945
49.2131851644981,-12.2035250466723
49.2157521706476,-12.2015185546335
49.2143774917637,-12.2024994144517
49.2155522268335,-12.1970812264336
49.2268660678494,-12.0870323145415
49.2273474663774,-12.0862415417518
49.2282562581095,-12.0868103711083
49.2278438528461,-12.0868362194005
49.2273138625316,-12.0871746643576
49.2275442196264,-12.0868065801426
49.225286601646,-12.0852090004821
49.2255045575121,-12.0855584545829
49.2320182959734,-12.076235746942
49.2122598556609,-12.1721792133412
49.2003106803106,-12.1643471442846
49.2000356008418,-12.1651576345415
49.2002335430985,-12.1646810124291
49.201816560777,-12.1652233271516
49.1939056207059,-12.2308988433523
49.1940744227932,-12.2308164837569
49.19378908175,-12.2302189564123
49.1985130279085,-12.2263494649283
49.1957893820714,-12.2365834587048
49.2048006772652,-12.2266651739599
49.2048334517019,-12.2264651069445
49.2048278476534,-12.2262067890589
49.2053382461065,-12.2274153937654
49.1910048972839,-12.2781053688162
49.1791939059149,-12.2730898544697
49.1792442147793,-12.2734300630404
49.178522766266,-12.2735581838366
49.1790791979604,-12.2737238757188
49.1773930527694,-12.272760423849
49.1779634476967,-12.2719575905439
49.1776694695078,-12.2718898937594
49.1776079154293,-12.2721010132706
49.1782081387168,-12.2708541219349
49.1776674770537,-12.2709952100623
49.1783056130143,-12.271408322388
49.1774487916804,-12.2713548279206
49.1733985635355,-12.2717399639909
49.1730877673087,-12.2721313742523
49.1728815716492,-12.2717506973404
49.1731193374584,-12.2718683928698
49.1749943485972,-12.2672621033427
49.1776917607952,-12.2635198158563
49.1773557981306,-12.2641748093785
49.1757013685388,-12.2638699976573
49.1767831662823,-12.2638589228012
49.1783851797756,-12.2633434028419
49.1803524844356,-12.2627297076998
49.1865869418761,-12.2602957735859
49.1836125976495,-12.2603012656985
49.1816375444685,-12.2606064895273
49.1806351945119,-12.2619292422192
49.168827625674,-12.2428886090109
49.1651437193652,-12.2612851222635
49.1645751471495,-12.2587547066734
49.1650040142751,-12.2134228113906
49.1664905879711,-12.2131152284481
49.1669292283171,-12.2128324588156
49.2154977971756,-12.1995384217778
49.2176203808727,-12.1980482421099
49.2159613305834,-12.1983464206039
49.2152919391953,-12.1966823071973
49.2155891940675,-12.1965903299366
49.215958561135,-12.1960645323849
49.2156693888544,-12.1962609686382
49.211431449152,-12.1805781798368
49.2165056513431,-12.1754962709644
49.1990757722299,-12.1657367377827
49.2003438972381,-12.1639735876667
49.2024263681145,-12.1659485263959
49.2076862292785,-12.1536062835116
49.1862380506212,-12.1218567372879
49.183740777927,-12.1232350287446
49.1638655852273,-12.1072731318525
49.1636873754921,-12.102529569391
49.1549570275365,-12.1367044923339
49.155059463526,-12.1363857463918
49.1546673819788,-12.136845325467
49.1558082775802,-12.1365116012271
49.1544020488159,-12.1367941736282
49.2307223315337,-12.0765536135777
49.2306370447638,-12.0767151953596
49.2101646571809,-12.0670185649755
49.2107476150709,-12.0676049309823
49.2100172509831,-12.0679173017554
49.2109272763521,-12.0662344551698
49.2117094080691,-12.0672151995091
49.2112687656098,-12.0673939306224
49.2103218219804,-12.0676711501185
49.2120441878499,-12.0671596881794
49.2126800856604,-12.0673196313924
49.2124918581046,-12.0671817236053
49.2119828861921,-12.0680472071334
49.2125099432781,-12.0674789406801
49.2113622937215,-12.0651040631926
49.2104110388288,-12.0655906407153
49.2105143904519,-12.068809423024
49.2094239546975,-12.0684530755896
49.208227798243,-12.0683049578215
49.2089330760047,-12.0678754529621
49.2081771266917,-12.0663380223435
49.2080050998967,-12.0663499201787
49.2074031553892,-12.0666601470282
49.208463990558,-12.0679135500697
49.2094315815988,-12.0660243010525
49.2089632489679,-12.067008302167
49.2085613131397,-12.0673094706092
49.2089233021471,-12.0674404994862
49.2087578052477,-12.0674838554633
49.2096045281283,-12.066783257265
49.207822632828,-12.0654605954033
49.2054306592682,-12.0661298307968
49.2038179485607,-12.0652397687848
49.2040787659708,-12.0650516190645
49.2048578940815,-12.0644416566717
49.203939161473,-12.0650903205986
49.2051635314594,-12.0662472954202
49.2063663593306,-12.0664536896236
49.2064668386969,-12.0667675359729
49.2066531747372,-12.0652414585171
49.2060673237749,-12.0658296076577
49.2057673991031,-12.0660898412907
49.2067553211674,-12.0662745968206
49.2125069686209,-12.066360092044
49.2133288825539,-12.0666249656151
49.2122427689651,-12.0662676507407
49.2134794504599,-12.0663728820114
49.2116447059344,-12.067676381243
49.2109055500798,-12.0684723255956
49.2106460001009,-12.0680032266457
49.2108493901035,-12.0671039324752
49.2095150098246,-12.0670571001759
49.231023727703,-12.0762604372069
49.2308738325547,-12.0764581596272
49.2313805085046,-12.0763383625955
49.2316431578848,-12.0763066227673
49.2445920138353,-12.0800619705199
49.2534948662199,-12.0626773884431
49.2537496427403,-12.0626680419353
49.2536203906692,-12.0625413427388
49.3191705637773,-12.0451987839112
49.318646946727,-12.0454603192122
49.3202709439006,-12.0435778391074
49.313440367203,-12.0472807223646
49.3136800085671,-12.0475026734532
49.3128513789513,-12.0537968104764
49.3138407794823,-12.0543060764326
49.3118127130926,-12.0495190261393
49.3147525610727,-12.1329237037638
49.3118906079434,-12.1309895418896
49.3099551252168,-12.1314412365142
49.3119837931646,-12.1303606636253
49.3108075843912,-12.1266350806994
49.3126369345586,-12.1306451667356
49.3136460877471,-12.1336203037537
49.3137428089426,-12.1338399598775
49.3138204369161,-12.133921678983
49.3181309119116,-12.1295226125331
49.3297443302201,-12.1471015744923
49.330143498996,-12.1474667580219
49.3727856415819,-12.3495714364435
49.3730737531481,-12.3492656628076
49.373992176328,-12.3488983862651
49.3748712312904,-12.3488103629647
49.3716527302989,-12.352536783322
49.3738166716182,-12.3495205746851
49.3727899282142,-12.3498584602567
49.3740370787493,-12.3506339869612
49.3741489427021,-12.3510417294171
49.1517112072696,-12.1212290814851
49.1509715038038,-12.1190346332881
49.1513641050357,-12.1187584119886
49.1512800364561,-12.1185165323691
49.1511556975947,-12.1192626382605
49.151773303629,-12.1219440031515
49.1509640583538,-12.1201540463658
49.2687866385624,-11.968317086456
49.2690875091332,-11.9679074412262
49.2681355182029,-11.9683471374912
49.2678819326767,-11.9681971595214
49.2680926780659,-11.9686073318412
49.2683840249681,-11.9685976244458
49.2680128538394,-11.9687534520218
49.2678120371677,-11.9686590967185
49.269625185208,-11.9661766978512
49.2688741581853,-11.9665650105208
49.2741279776811,-11.9722846197255
49.2743173245414,-11.972215366672
49.2745745023166,-11.9721993035498
49.3900433595508,-12.3838101777113
49.3911788422903,-12.3819177064787
49.3890971239345,-12.3817284593555
49.3890971239345,-12.3802144823694
49.3898541124275,-12.382106953602
49.388718629688,-12.3832424363415
49.3298815255955,-12.3923163929366
49.3308854341442,-12.3918144386622
49.3305268953768,-12.3929617627179
49.3313873884186,-12.3927466394574
49.3321044659534,-12.3919578541692
49.3321044659534,-12.392531516197
49.333251790009,-12.3919578541692
49.3331083745021,-12.3926032239505
49.3345425295717,-12.3917427309087
49.3308854341442,-12.3922446851831
49.329953233349,-12.3916710231553
49.3325347124742,-12.3923163929366
49.3325347124742,-12.3931051782248
49.3370523009434,-12.39073882236
49.3366220544225,-12.3902368680857
49.3375542552178,-12.3898066215648
49.3365503466691,-12.3903085758392
49.3377693784782,-12.3903802835926
49.3371957164504,-12.3901651603322
49.3371240086969,-12.3905236990996
49.3369088854365,-12.3897349138113
49.3365503466691,-12.39073882236
49.3445816150587,-12.3891612517835
49.3449401538261,-12.3880139277278
49.34522698484,-12.3890178362765
49.3445099073052,-12.3888027130161
49.3447250305657,-12.3883007587417
49.345370400347,-12.3885875897557
49.3448684460726,-12.3886592975091
49.3451552770866,-12.3850739098352
49.3442947840448,-12.3847153710678
49.3446533228122,-12.3845002478074
49.3449401538261,-12.3862929416443
49.3442230762913,-12.3848587865747
49.3445816150587,-12.3846436633143
49.3444381995518,-12.3844285400539
49.3507484818579,-12.3872251424396
49.3520392214205,-12.3875119734535
49.3533299609832,-12.3870100191791
49.3534733764901,-12.3863646493978
49.3526845912019,-12.387296850193
49.3519675136671,-12.387296850193
49.3530431299693,-12.3872251424396
49.3531148377227,-12.3870100191791
49.352254344681,-12.3872251424396
49.3511070206253,-12.3870100191791
49.3521826369275,-12.3875119734535
49.3528997144623,-12.387296850193
49.3524694679414,-12.3869383114256
49.3897574997505,-12.3827075539704
49.3893272532297,-12.382349015203
49.389972623011,-12.3836397547656
49.3895423764901,-12.3834963392586
49.389829207504,-12.3829226772308
49.3909765315597,-12.3819187686821
49.3908331160527,-12.3812016911473
49.3906897005457,-12.3798392438312
49.389972623011,-12.3789787507895
49.3906897005457,-12.3785485042686
49.3893989609831,-12.3793372895569
49.389685791997,-12.3799826593382
49.3902594540249,-12.3806280291195
49.3904028695318,-12.3799109515847
49.3899009152575,-12.3809865678869
49.3904745772853,-12.382205599696
49.3910482393132,-12.3755367786225
49.3904745772853,-12.3741743313064
49.3912633625736,-12.3734572537716
49.389829207504,-12.3727401762368
49.3899009152575,-12.3740309157994
49.3903311617784,-12.3741026235529
49.3905462850388,-12.3734572537716
49.3906897005457,-12.3740309157994
49.389972623011,-12.3748914088412
49.389829207504,-12.375321655362
49.3904745772853,-12.3755367786225
49.3902594540249,-12.3744611623203
49.3904745772853,-12.3736006692785
49.3878213904066,-12.3984832597358
49.3870326051183,-12.3981247209684
49.3861004043231,-12.3984115519823
49.3854550345418,-12.3976944744475
49.3855984500487,-12.3971925201731
49.3873194361322,-12.397622766694
49.3884667601879,-12.3981964287218
49.3894706687366,-12.3981247209684
49.3887535912018,-12.3976944744475
49.3876062671462,-12.3976944744475
49.3872477283788,-12.3981247209684
49.3859569888161,-12.3981247209684
49.3929126409036,-12.3954715340896
49.3929126409036,-12.3959017806105
49.3964980285776,-12.3916710231553
49.3964263208241,-12.392674931704
49.3843794182396,-12.3966188581453
49.3841642949792,-12.3960451961175
49.3845945415,-12.3956866573501
49.3857418655557,-12.3966905658988
49.3858135733092,-12.3974076434336
49.3906897005457,-12.3748197010877
49.3892555454762,-12.3742460390598
49.3866740663509,-12.3830660927378
49.3858852810627,-12.3827792617239
49.3807223228122,-12.3763972716642
49.3800769530309,-12.3760387328968
49.3804354917982,-12.3751065321016
49.3804354917982,-12.3746762855807
49.3794315832495,-12.3755367786225
49.3802920762913,-12.3768275181851
49.3818696468678,-12.376970933692
49.3828018476631,-12.3763255639107
49.3835189251978,-12.3763972716642
49.38294526317,-12.3761104406503
49.3821564778817,-12.3763255639107
49.3806506150587,-12.3751782398551
49.3805789073052,-12.3749631165946
49.3797901220169,-12.3751782398551
49.3795749987565,-12.3761821484038
49.3843077104861,-12.3610518124197
49.3842360027326,-12.3619840132149
49.3860286965696,-12.3613386434336
49.3855267422953,-12.3603347348849
49.3850964957744,-12.359904488364
49.3843077104861,-12.3594025340897
49.3838057562118,-12.358398625541
49.3833038019374,-12.3576815480062
49.3779257204265,-12.3602630271314
49.3764198576034,-12.3603347348849
49.3761330265895,-12.3601196116245
49.3763481498499,-12.3588288720619
49.376204734343,-12.3597610728571
49.3790013367287,-12.3616254744475
49.3799335375239,-12.3626293829962
49.389972623011,-12.3647089078471
49.3851682035279,-12.3647806156006
49.3855984500487,-12.3638484148054
49.3848096647605,-12.3632747527776
49.3855984500487,-12.3647806156006
49.3857418655557,-12.3658562319028
49.3853833267883,-12.3662147706702
49.3852399112813,-12.366931848205
49.3846662492535,-12.3676489257398
49.3848096647605,-12.3680791722607
49.3871760206253,-12.3692982040698
49.3882516369275,-12.3695850350837
49.3346859450786,-12.3817036454217
49.333538621023,-12.3812016911473
49.333538621023,-12.3801260748451
49.3334669132695,-12.3791221662964
49.3219219649593,-12.3728835917437
49.3202009788758,-12.3723816374694
49.3203443943828,-12.3705889436324
49.3198424401085,-12.3700152816046
49.3221370882198,-12.3725250529764
49.3239297820568,-12.3728835917437
49.323212704522,-12.372023098702
49.3216351339454,-12.3715211444276
49.3209180564106,-12.3700152816046
49.3200575633689,-12.3691547885628
49.3195556090945,-12.3678640490002
49.3199141478619,-12.3672186792189
49.3211331796711,-12.365282569875
49.3309571418977,-12.3784050887616
49.330096648856,-12.3777597189803
49.3291644480607,-12.3770426414455
49.3283756627725,-12.3763255639107
49.3295946945816,-12.375321655362
49.3316742194325,-12.3777597189803
49.3321761737068,-12.3782616732547
49.335187899353,-12.3459214764356
49.3357615613808,-12.3449892756404
49.3356181458738,-12.3442004903521
49.3356181458738,-12.3447024446265
49.3355464381204,-12.3456346454217
49.335044483846,-12.3452761066543
49.3346859450786,-12.3466385539704
49.3429323367287,-12.3269189217637
49.3434342910031,-12.3256998899545
49.3437928297705,-12.3253413511871
49.3430757522357,-12.324265734885
49.3436494142635,-12.323978903871
49.3428606289752,-12.3256281822011
49.3423586747009,-12.3269906295172
49.3423586747009,-12.327420876038
49.3431474599891,-12.3267755062567
49.3440079530309,-12.325771597708
49.3451552770866,-12.3250545201732
49.3411396428917,-12.344487321366
49.3408528118778,-12.344487321366
49.3403508576035,-12.344630736873
49.3396337800687,-12.34477415238
49.3404225653569,-12.3450609833939
49.3428606289752,-12.344487321366
49.3432908754961,-12.344487321366
49.34522698484,-12.3419058422408
49.3445099073052,-12.3419058422408
49.3439362452774,-12.3405433949247
49.3458723546213,-12.3416190112269
49.3469479709235,-12.3417624267338
49.3488840802675,-12.3417624267338
49.3498162810627,-12.3416907189804
49.3475216329514,-12.3419058422408
49.3464460166492,-12.3419775499943
49.3455855236074,-12.3426946275291
49.3445816150587,-12.342981458543
49.3440079530309,-12.3418341344873
49.3437928297705,-12.3410453491991
49.345370400347,-12.3415473034734
49.3463743088957,-12.3421209655012
49.3465894321561,-12.3419058422408
49.3417133049196,-12.3488614943283
49.3418567204265,-12.3484312478074
49.3421435514404,-12.347929293533
49.3428606289752,-12.347929293533
49.3432191677426,-12.3480010012865
49.3432908754961,-12.3472839237517
49.3436494142635,-12.3473556315052
49.3446533228122,-12.3471405082448
49.3445816150587,-12.3468536772309
49.3452986925935,-12.3468536772309
49.3457289391144,-12.346280015203
49.3452986925935,-12.3459931841891
49.3448684460726,-12.3469970927378
49.3440796607844,-12.3478575857796
49.34357770651,-12.3477858780261
49.3428606289752,-12.3476424625191
49.3427172134683,-12.3481444167935
49.3422869669474,-12.3487897865748
49.3417133049196,-12.3486463710678
49.34522698484,-12.3500805261374
49.34522698484,-12.3492917408491
49.3460874778818,-12.3490766175887
49.3464460166492,-12.3485746633144
49.3475216329514,-12.3484312478074
49.3477367562118,-12.34807270904
49.3457289391144,-12.3485746633144
49.345370400347,-12.3494351563561
49.3446533228122,-12.3495068641096
49.3451552770866,-12.34972198737
49.3463743088957,-12.3494351563561
49.3466611399096,-12.3494351563561
49.3427889212217,-12.3543112835927
49.3422869669474,-12.3543112835927
49.3414981816591,-12.3539527448253
49.3409962273848,-12.353307375044
49.3400640265895,-12.3529488362766
49.3412113506452,-12.3537376215648
49.3416415971661,-12.3540961603322
49.3741252094921,-12.3756801941294
49.3753442413012,-12.3776880112268
49.3757744878221,-12.3792655818034
49.3752725335478,-12.3801977825986
49.3749857025338,-12.3786919197755
49.3741969172456,-12.377114349199
49.374268624999,-12.3763255639107
49.3769218118778,-12.3891612517835
49.3767783963708,-12.3910256533739
49.3750574102873,-12.3912407766344
49.3731930086969,-12.3900217448252
49.3739817939851,-12.3896632060578
49.3754159490547,-12.390882237867
49.3762764420965,-12.39073882236
49.3770652273847,-12.3904519913461
49.3767066886173,-12.39073882236
49.3741252094921,-12.3895914983044
49.3693924977625,-12.3741026235529
49.369464205516,-12.3728835917437
49.3701812830507,-12.3705889436324
49.3668110186372,-12.3759670251433
49.3661656488559,-12.3751782398551
49.3655919868281,-12.3738875002925
49.3653768635676,-12.3735289615251
49.3737666707247,-12.3759670251433
49.374412040506,-12.3733855460181
49.3739817939851,-12.3728835917437
49.3735515474643,-12.3719513909485
49.3739817939851,-12.3707323591394
49.3749857025338,-12.3688679575489
49.3775671816591,-12.3869383114256
49.3781408436869,-12.3877988044674
49.3777823049195,-12.3885158820022
49.3545489927923,-12.3690830808094
49.3547641160527,-12.3679357567537
49.3553377780806,-12.3665016016841
49.3546924082993,-12.3657845241493
49.3501748198301,-12.3784767965151
49.3516806826531,-12.3768992259386
49.3535450842436,-12.3752499476086
49.3538319152575,-12.3750348243481
49.3648749092933,-12.3642786613263
49.3633690464702,-12.3627727985032
49.3630105077028,-12.3620557209684
49.3626519689354,-12.3608366891593
49.3628670921959,-12.3599761961175
49.3564851021362,-12.3603347348849
49.3564851021362,-12.3598327806106
49.3561982711223,-12.3593308263362
49.3561982711223,-12.3593308263362
49.3563416866293,-12.3604064426384
49.3569870564106,-12.3608366891593
49.3571304719176,-12.3606932736523
49.3564851021362,-12.3597610728571
49.3550509470667,-12.3589722875688
49.3557680246015,-12.3605498581454
49.3635124619772,-12.3552434843879
49.3643012472655,-12.3543112835927
49.3643729550189,-12.3533790827974
49.3685320047207,-12.3660713551632
49.3681017581998,-12.3680791722607
49.3677432194325,-12.3691547885628
49.3670261418977,-12.3700869893581
49.3675998039255,-12.3713777289207
49.3719739768877,-12.3845719555608
49.370970068339,-12.3833529237517
49.3704681140647,-12.3822773074495
49.3702529908042,-12.380412905859
49.3673129729116,-12.3800543670917
49.3673846806651,-12.3824207229565
49.3693924977625,-12.3843568323004
49.3706832373251,-12.3865080649048
49.3714720226134,-12.3874402657
49.3719022691342,-12.3877988044674
49.3726910544225,-12.3866514804117
49.3701095752973,-12.3842134167934
49.3688188357346,-12.3810582756404
49.3692490822555,-12.3760387328968
49.3663807721164,-12.3728835917437
49.3674563884185,-12.3719513909485
49.3684602969672,-12.3708757746463
49.3756310723152,-12.3728118839903
49.3770652273847,-12.3755367786225
49.3783559669474,-12.375321655362
49.3791447522356,-12.3760387328968
49.3775671816591,-12.3790504585429
49.37799742818,-12.3809148601334
49.3798618297704,-12.3825641384634
49.3812242770865,-12.3831378004912
49.3820847701283,-12.3832095082447
49.3823716011422,-12.3812733989008
49.381152569333,-12.3780465499942
49.3834472174444,-12.3776163034734
49.3843794182396,-12.3799109515847
49.3858852810627,-12.3810582756404
49.3891838377227,-12.3800543670917
49.3872477283788,-12.3786919197755
49.3836623407048,-12.3623425519823
49.3838057562118,-12.3606215658988
49.3831603864305,-12.3591157030758
49.3817262313609,-12.3594742418432
49.3815111081004,-12.3611235201732
49.3810091538261,-12.3615537666941
49.3798618297704,-12.3619123054615
49.3763481498499,-12.3624142597358
49.3766349808639,-12.365139154368
49.3812242770865,-12.3657845241493
49.3835906329513,-12.3661430629167
49.3856701578022,-12.3638484148054
49.388036513667,-12.3659996474098
49.3858852810627,-12.3685094187815
49.3888252989553,-12.3707323591394
49.3893272532297,-12.372023098702
49.3894706687366,-12.3733855460181
49.3893272532297,-12.3745328700738
49.389829207504,-12.3786919197755
49.3904745772853,-12.3769709336921
49.389972623011,-12.3761104406503
49.3889687144623,-12.3786202120221
49.3881082214205,-12.3802694903521
